{"config": {"nin": 4, "nouts": [6, 6, 3]}, "params": [0.20416003465652466, -1.4573577642440796, 0.945659339427948, 1.5371240377426147, 0.9434348344802856, 0.8590908050537109, 0.16469453275203705, -0.25486335158348083, 0.50428307056427, -0.38538703322410583, -2.0095129013061523, 0.1861354261636734, 0.4594372808933258, 0.6530437469482422, 0.7783325910568237, 0.08883152902126312, 0.6900465488433838, -0.6071535348892212, -0.7198948264122009, 1.1382331848144531, -1.172031044960022, 0.597352147102356, 0.10511160641908646, 0.47540581226348877, -0.4533531069755554, -2.894718647003174, 1.2583110332489014, 0.09016995131969452, 0.21495383977890015, -0.016096333041787148, 1.2630115747451782, 0.6960604190826416, 1.5723649263381958, 0.4495949149131775, 1.316277027130127, 1.746781826019287, -1.031262993812561, 1.5728259086608887, -0.8397186398506165, 0.8151499629020691, -1.0953330993652344, -0.9389083385467529, 0.7134131193161011, 0.4755670130252838, 0.4797341227531433, 0.5329604744911194, -0.5386232733726501, 0.45346319675445557, -0.8352566957473755, -1.8104158639907837, 1.2662568092346191, 1.0515879392623901, 0.6903994679450989, 0.16424787044525146, -1.0350087881088257, 0.7037798762321472, -2.026160478591919, 0.07368939369916916, -1.230568766593933, 0.40649110078811646, -1.1373841762542725, 0.7313442230224609, 0.6312006115913391, -1.3662714958190918, 1.1405857801437378, 0.06681469082832336, 0.5363771319389343, 0.3477238118648529, 1.1870704889297485, -0.3441116213798523, 1.1743314266204834, -0.5375996232032776, 1.1531838178634644, 0.3852666914463043, -1.0349708795547485, -1.3346564769744873, -0.694305419921875, 1.0111627578735352, -0.02521192654967308, 0.48767706751823425, 1.1685081720352173, -0.056309185922145844, 1.8928602933883667, -0.4969019889831543, -1.7880418300628662, -0.9472333788871765, -0.48717454075813293, -1.4915099143981934, 1.9969438314437866, -0.17540208995342255, 2.1155998706817627, 0.34466752409935, 0.6102052330970764]}