{"config": {"nin": 4, "nouts": [6, 6, 3]}, "params": [-0.1805807171805868, -0.909824691543865, 0.6462957415366307, 0.6015068517609136, 0.05563877818549318, -0.44547134969751384, -0.3456626963788158, 0.29756195958105297, 0.09113287753100101, 0.17572704212362844, -0.4016669533810212, -0.008419814995985419, 0.0057149327349237, 0.5175029243947027, 0.4877182784523063, 1.3973861757595922, -0.065246914326481, -1.077372805790521, -0.14845229575560004, 0.7411995073661295, -1.1532095633269193, 0.5630540981281253, -0.9830799124953543, -0.25937494155065277, 0.1573336948105397, -0.5452582004397394, -1.249164639247041, 0.4854556836361756, 0.2183842062577177, -0.39607689097289, -1.078270554636784, -0.47231008851178025, 0.2811041786817078, 1.115761174828273, 1.1578466565990726, -0.24852099981158904, -0.3340577732968568, 0.5178211433602249, -0.09528989291160382, 1.2818875260378482, -0.06054575389017234, -0.8544636523378015, 0.026387275407405493, 0.05524771421459457, 1.0362514031653294, -0.14433268607310298, 1.5060354280018493, -0.26858739578937274, -1.7368152379659634, 0.7498462221894491, -0.49037261476191907, 0.9594037815606442, -0.5902125175797049, 0.5389135843085986, 1.0523914559419183, -0.34644014401519585, -0.29197566991374646, 0.024666326032942068, -0.008983694337853737, 0.1424953030860146, 1.3190567981202042, -0.8221737771141009, 1.479240958247647, -0.602974866986901, 0.6613366199764206, 1.3845259497161175, 0.114087969354371, 0.7124188082494006, -0.2891621106189159, -0.9864984730820616, 0.4581724643934377, 0.6272600268951454, 0.48897132365064744, 0.267813388640064, -1.4269319993888614, -0.6609905442790893, 1.242335527993284, 0.41291816803682024, -0.3548190698094336, -0.09045821866353027, -0.3384360409805747, 1.9454368378918738, 0.49828379619718743, -0.017222403097710073, 1.0361248905285505, -0.8520771301283008, 1.4039305868544003, -0.8135233446098555, -0.4761543470845614, 1.256628204530375, -1.036572187196507, 0.4203176108796015, -0.6870503070327456]}