{"config": {"nin": 4, "nouts": [6, 3]}, "params": [-0.07309502056118647, -1.4871323935511371, 0.23731888588831604, 1.2525739810985845, 0.265696366570108, -1.7294474815258345, 1.305455296611814, -1.2598907761365712, -0.5517337643220217, 0.3096971614127346, 1.1551732458035366, 0.5145201231894482, -0.7266453092141376, -0.9386738924165312, -0.15162300494423406, -1.5940535107681661, 0.49717000827522867, 0.5248440814874334, -0.011016847696433884, 0.3931765254851344, 0.4325653422948806, -1.1287418615511984, 0.978272366968827, 0.05266450371364491, -0.1493407457747383, 0.30301811150458535, 0.08213621589097221, 1.096385062000719, 0.7591036692747636, -0.05088895571931572, -0.5000176431918044, 1.682280152897821, -0.9285722142951788, 0.43604455701836903, -1.800063136909878, -0.42932339817015464, -0.5781915485543921, 0.8773578573844959, -0.8094556640086938, -0.20244317594567646, -0.05015517984806154, 1.4035365064031518, 0.47587274314031536, -0.09563038422891001, -1.015952703140376, 0.46192340022813183, 1.018178138410388, -1.4582499321686395, 0.14231066295093264, 0.668395408838911, 1.0811385283244637]}